US2018116961;(A1)
US2018107940;(A1)
US2018101518;(A1)
US2018068677;(A1)
US2018052919;(A1)
US2018047213;(A1)
US9886462;(B1)
WO2018023099;(A1)
US2018025456;(A1)
WO2018013674;(A1)
US2018011918;(A1)
US2018011848;(A1)
US2018005116;(A1)
AU2016262144;(A1)
US2017372628;(A1)
US2017365023;(A1)
US9843768;(B1)
US2017341942;(A1)
US2017300583;(A1)
US2017287344;(A1)
US2017270809;(A1)
US2017228672;(A1)
US2017228670;(A1)
US2017228669;(A1)
US2017220360;(A1)
US2017178264;(A1)
US2017169530;(A1)
US2017124673;(A1)
US2017109849;(A1)
US2017109414;(A1)
US2017080426;(A1)
US2017069215;(A1)
WO2017035461;(A1)
US2017061962;(A1)
US2017024780;(A1)
CA2953776;(A1)
CA2953340;(A1)
US2017012927;(A1)
US2016364997;(A1)
AU2016225870;(A1)
US2016287994;(A1)
US2016283894;(A1)
US2016275636;(A1)
US2016259824;(A1)
US2016259777;(A1)
US2016259503;(A1)
WO2018029511;(A1)
US2016247072;(A1)
US9413794;(B1)
US9413710;(B1)
US2016224622;(A1)
US2016214002;(A1)
US2016203724;(A1)
US2016203523;(A1)
US2016203221;(A1)
US2016197993;(A1)
US2016196332;(A1)
US9361392;(B1)
US2016133144;(A1)
US2016120444;(A1)
US9330174;(B1)
US2016111016;(A1)
US2016110746;(A1)
US2016100356;(A1)
US2016070731;(A1)
US2016050240;(A1)
US2016049087;(A1)
US9262481;(B1)
US2016029740;(A1)
US9245291;(B1)
US2016004820;(A1)
US2015379126;(A1)
US2015356700;(A1)
US9208444;(B1)
IN10146DEN2014;(A)
US2015317760;(A1)
US2015317610;(A1)
US2015317606;(A1)
US2015317605;(A1)
US2015317604;(A1)
US2015317603;(A1)
US2015317602;(A1)
US2015310353;(A1)
US2015304367;(A1)
US2015294014;(A1)
SG11201402943W;(A)
WO2015153878;(A1)
AU2015101061;(A4)
US2015254566;(A1)
US2015248648;(A1)
US2015248645;(A1)
US2015248487;(A1)
US2015228197;(A1)
US2015170201;(A1)
US2015159951;(A1)
AU2014265025;(A1)
EP3067853;(A1)
US2015120593;(A1)
AU2015201669;(A1)
US2015100524;(A1)
US2015095253;(A1)
US2015089416;(A1)
US2015088668;(A1)
US2015079578;(A1)
US2015070358;(A1)
WO2015026607;(A1)
CA2879057;(A1)
CA2878922;(A1)
US2015052156;(A1)
US2015045688;(A1)
US2015042587;(A1)
US2015024817;(A1)
US2015012335;(A1)
US2015006426;(A1)
US2015003729;(A1)
US2014365538;(A1)
US2014365348;(A1)
US2014358723;(A1)
US2014357576;(A1)
US2014344718;(A1)
US2014337734;(A1)
WO2014159536;(A1)
US2014288714;(A1)
US2014279640;(A1)
US2014273069;(A1)
US2014272828;(A1)
US2014267230;(A1)
US8831505;(B1)
WO2014127460;(A1)
US2014229164;(A1)
US2014222789;(A1)
US2014220543;(A1)
US2014220537;(A1)
CA2803443;(A1)
AU2014200112;(A1)
US2014207783;(A1)
US2014207521;(A1)
AU2014202852;(A1)
US8764454;(B1)
US2014181088;(A1)
US2014164277;(A1)
US2014147826;(A1)
US2014122360;(A1)
US2014108005;(A1)
US8700620;(B1)
US2014101527;(A1)
US2014087354;(A1)
US2014087349;(A1)
US2014068517;(A1)
US2014068496;(A1)
US2014057239;(A1)
WO2014028340;(A1)
US2014046963;(A1)
US2014045148;(A1)
AU2012203725;(A1)
WO2014010975;(A1)
US2014019118;(A1)
US2014011179;(A1)
US2013346335;(A1)
US2013332229;(A1)
US2013320989;(A1)
US2013309639;(A1)
US2013298006;(A1)
US2013295533;(A1)
US2013291060;(A1)
US2013290094;(A1)
US2013281879;(A1)
US2013275885;(A1)
US2013268195;(A1)
US8548928;(B1)
US2013254158;(A1)
US2013254075;(A1)
US2013252223;(A1)
US2013227384;(A1)
US2013226708;(A1)
US2013218973;(A1)
US2013185220;(A1)
US2013179457;(A1)
US2013173711;(A1)
AU2013206106;(A1)
US8473532;(B1)
US2013138428;(A1)
US2013137067;(A1)
US2013104214;(A1)
US2013091113;(A1)
WO2013048555;(A1)
US8407106;(B1)
WO2013039573;(A2)
US2013073387;(A1)
US2013067460;(A1)
US2013066814;(A1)
US2013066795;(A1)
WO2013127951;(A1)
US2013054577;(A1)
US2013040275;(A1)
US2013036121;(A1)
US2013013332;(A1)
CA2743934;(A1)
US2012329030;(A1)
US2012317196;(A1)
US2012317026;(A1)
US2012317021;(A1)
US2012303572;(A1)
WO2012141900;(A1)
US8285573;(B1)
US2012239437;(A1)
AU2012200955;(A1)
NZ593780;(A)
AU2012202820;(A1)
WO2012105783;(A2)
US8237714;(B1)
US2012197831;(A1)
EP2546806;(A2)
US2012179618;(A1)
WO2012091682;(A1)
US2012166140;(A1)
WO2012068160;(A2)
US8156025;(B1)
US2012056006;(A1)
US2012052930;(A1)
US8112317;(B1)
US2012022906;(A1)
US2012016859;(A1)
US2011321108;(A1)
US2011320470;(A1)
US2011320054;(A1)
NZ593779;(A)
EP2458536;(A1)
US8069096;(B1)
US8065202;(B1)
US8065189;(B1)
US2011270684;(A1)
US2011258083;(A1)
US2011225482;(A1)
US2011193779;(A1)
US2011191231;(A1)
US2011189645;(A1)
US7992102;(B1)
US2011179077;(A1)
US2011161190;(A1)
US2011145251;(A1)
US2011136092;(A1)
US2011107383;(A1)
WO2011041823;(A1)
US2011086333;(A1)
US7918666;(B1)
US2011078041;(A1)
US2011067076;(A1)
WO2011107456;(A1)
US2011047152;(A1)
US2011047014;(A1)
AU2011200235;(A1)
WO2011011490;(A2)
US2011014929;(A1)
US2011004092;(A1)
CA2857390;(A1)
CA2857388;(A1)
CA2769507;(A1)
CA2725821;(A1)
NZ562435;(A)
CA2715535;(A1)
US2010268773;(A1)
US7818420;(B1)
CA2713321;(A1)
US2010241972;(A1)
WO2010104988;(A1)
US2010228880;(A1)
US2010218078;(A1)
US2010205210;(A1)
US2010205182;(A1)
US2010204540;(A1)
US2010194756;(A1)
US2010192072;(A1)
US2010191960;(A1)
US7764272;(B1)
US7756945;(B1)
US2010161527;(A1)
US2010119617;(A1)
WO2010051591;(A1)
US2010095828;(A1)
US2010070521;(A1)
US2010062849;(A1)
US2010040999;(A1)
US2010030518;(A1)
US2010028847;(A1)
US2010028840;(A1)
CA2687769;(A1)
US2010023439;(A1)
US2010016778;(A1)
US2009311653;(A1)
US2009251460;(A1)
AU2009212869;(A1)
US2009226872;(A1)
US2009204469;(A1)
US2009197225;(A1)
WO2009089180;(A1)
US2009172773;(A1)
US2009148823;(A1)
US2009125809;(A1)
US2009083521;(A1)
US2009063557;(A1)
US2009050204;(A1)
CA2646855;(A1)
US2009030800;(A1)
US2009017886;(A1)
EP2184010;(A1)
US2008313166;(A1)
CA2637877;(A1)
US2008288454;(A1)
WO2008137086;(A2)
US2008263038;(A1)
US2008262966;(A1)
WO2009029123;(A1)
WO2008036957;(A2)
WO2008011491;(A2)
WO2007146631;(A2)
WO2008005324;(A2)
WO2007076311;(A2)
WO2007033092;(A2)
WO2007030503;(A2)
WO2007005405;(A2)
WO2006119382;(A2)
WO2006113506;(A2)
WO2008036059;(A1)
WO2006078360;(A2)
WO2006042265;(A2)
WO2006031546;(A2)
WO2006028850;(A2)
WO2006007194;(A1)
WO2005098620;(A2)
WO2005089120;(A2)
WO2006059964;(A2)
WO2005043294;(A2)
WO2005013597;(A2)
WO2004088643;(A2)
WO2004077349;(A2)
US2003149739;(A1)
US2006112089;(A1)
US2006080432;(A1)
US2006053195;(A1)
US2006053194;(A1)
US6528715;(B1)
US2005097095;(A1)
US2006026017;(A1)
US2002059379;(A1)
US2003050811;(A1)
US2008071686;(A1)
US2006069730;(A1)
US2008057482;(A1)
US2002089551;(A1)
US2005086211;(A1)
US2002107062;(A1)
US2006031106;(A1)
US2006267278;(A1)
US2006123329;(A1)
US5321609;(A)
US6341372;(B1)
US2001051559;(A1)
US2003028121;(A1)
US2002156760;(A1)
US2002169771;(A1)
US5924090;(A)
US7072984;(B1)
US2001014901;(A1)
US2002113809;(A1)
US2008077870;(A1)
US2008017722;(A1)
US2002054167;(A1)
US2005003894;(A1)
US6029192;(A)
US2007219809;(A1)
US2007269788;(A1)
US2001053734;(A1)
US2004230495;(A1)
US2007255965;(A1)
US2002138331;(A1)
US5966126;(A)
US2002158123;(A1)
US2008033932;(A1)
US5269819;(A)
US5794769;(A)
US2001049087;(A1)
US2001039508;(A1)
US5807174;(A)
US6684218;(B1)
US5675100;(A)
US2005108078;(A1)
US4041617;(A)
US2007156761;(A1)
US2004138913;(A1)
US5297027;(A)
US2007250423;(A1)
US2007269786;(A1)
US4012848;(A)
US2004110119;(A1)
US5286639;(A)
US2007156594;(A1)
US5808615;(A)
US4009525;(A)
US2005021528;(A1)
US2004122810;(A1)
US2007106754;(A1)
US2007168461;(A1)
US7292243;(B1)
US4153932;(A)
US6959166;(B1)
US4037332;(A)
US6584456;(B1)
US5081288;(A)
US5276616;(A)
US2008104506;(A1)
US2008102427;(A1)
US3971142;(A)
US2008133513;(A1)
US2008113328;(A1)
US2008040151;(A1)
US2006282236;(A1)
US6768500;(B1)
US2002196288;(A1)
US6760044;(B1)
US6795098;(B1)
US5848184;(A)
US2005108001;(A1)
US6952806;(B1)
US2008026358;(A1)
US5809484;(A)
US2006287783;(A1)
US2007150891;(A1)
US2004250119;(A1)
US2007288411;(A1)
US2007298385;(A1)
US2007288513;(A1)
US2007298384;(A1)
US2007287136;(A1)
US2007298383;(A1)
US2004058302;(A1)
US2006285914;(A1)
US2003221118;(A1)
US2006265237;(A1)
US2004174443;(A1)
US2004006208;(A1)
US3728448;(A)
US6907425;(B1)
US6408292;(B1)
US4490840;(A)
US2004152062;(A1)
US2007079012;(A1)
US6424952;(B1)
US2004148220;(A1)
US2003110215;(A1)
US3818616;(A)
US2006121422;(A1)
US2003093405;(A1)
US2003140309;(A1)
US2003144870;(A1)
US2003115116;(A1)
US2004180312;(A1)
US2003093187;(A1)
US2006206246;(A1)
US2004115596;(A1)
US2004064447;(A1)
US5657256;(A)
US2004056905;(A1)
US4960031;(A)
US2006149699;(A1)
US2007094240;(A1)
US2004039987;(A1)
US5671333;(A)
US6487557;(B1)
US2006161587;(A1)
US2006161553;(A1)
US3831295;(A)
US5396828;(A)
US2002194312;(A1)
US2003094759;(A1)
US6567800;(B1)
US2003137536;(A1)
US2003227487;(A1)
US2005222791;(A1)
US2006252021;(A1)
US2006053045;(A1)
US2005234809;(A1)
US2003177019;(A1)
US2002002450;(A1)
US6973423;(B1)
WO0011571;(A1)
WO9940507;(A1)
WO9936297;(A1)
WO9934277;(A2)
WO9849629;(A1)
US2003174179;(A1)
WO9608804;(A1)
WO9428541;(A2)
WO9221806;(A1)
WO8911783;(A2)
US2006218492;(A1)
US2002087599;(A1)
US6160986;(A)
US2002116253;(A1)
US2003158496;(A1)
US2005255440;(A1)
US2006154225;(A1)
US5980263;(A)
US2005188322;(A1)
US6144991;(A)
WO02087135;(A2)
WO0161670;(A1)
WO0188848;(A2)
WO0177867;(A1)
WO0154044;(A1)
WO0143107;(A1)
WO0129709;(A1)
WO0078057;(A1)
WO0070582;(A1)
WO0067161;(A2)
WO0051360;(A1)
WO0041088;(A1)
US2008195604;(A1)
US2003117434;(A1)
US2005084830;(A1)
US7134082;(B1)
WO02095717;(A2)
WO2006009414;(A1)
IL84754;(A)
WO02095624;(A2)
WO0186763;(A1)
WO0182150;(A2)
IES20000892;(A2)
WO2007072309;(A1)
WO2008007172;(A1)
GB1492085;(A)
GB1513001;(A)
GB2449501;(A)
WO2004012076;(A1)
WO0115011;(A2)
EP0419666;(A1)
EP0404576;(A2)
EP0308220;(A1)
EP1810450;(A1)
CA2566013;(A1)
CA2513306;(A1)
CA2455342;(A1)
CA2452778;(A1)
CA2440398;(A1)
CA2432817;(A1)
CA2426316;(A1)
CA2425217;(A1)
CA2341463;(A1)
CA1066048;(A)
CA1055689;(A)
AU2007101140;(A4)
AU2006222742;(A1)
WO2007053910;(A1)
AU2001250166;(B2)
AU4942090;(A)
AU3574699;(A)
WO02061610;(A1)
WO0203359;(A1)
EP0886226;(A1)
EP1598760;(A1)
